nama,tipe
Aceh,provinsi
Sumatera Utara,provinsi
Sumatera Barat,provinsi
Riau,provinsi
Kepulauan Riau,provinsi
Jambi,provinsi
Sumatera Selatan,provinsi
Bengkulu,provinsi
Lampung,provinsi
Kepulauan Bangka Belitung,provinsi
Bangka Belitung,provinsi
DKI Jakarta,provinsi
Jakarta,provinsi
Jawa Barat,provinsi
Jawa Tengah,provinsi
DI Yogyakarta,provinsi
Yogyakarta,provinsi
Jawa Timur,provinsi
Banten,provinsi
Bali,provinsi
Nusa Tenggara Barat,provinsi
Nusa Tenggara Timur,provinsi
Kalimantan Barat,provinsi
Kalimantan Tengah,provinsi
Kalimantan Selatan,provinsi
Kalimantan Timur,provinsi
Kalimantan Utara,provinsi
Sulawesi Utara,provinsi
Gorontalo,provinsi
Sulawesi Tengah,provinsi
Sulawesi Barat,provinsi
Sulawesi Selatan,provinsi
Sulawesi Tenggara,provinsi
Maluku,provinsi
Maluku Utara,provinsi
Papua,provinsi
Papua Barat,provinsi
Papua Tengah,provinsi
Papua Pegunungan,provinsi
Papua Selatan,provinsi
Papua Barat Daya,provinsi
Banda Aceh,kota
Medan,kota
Padang,kota
Pekanbaru,kota
Batam,kota
Jambi,kota
Palembang,kota
Bengkulu,kota
Bandar Lampung,kota
Pangkal Pinang,kota
Jakarta Pusat,kota
Jakarta Utara,kota
Jakarta Selatan,kota
Jakarta Barat,kota
Jakarta Timur,kota
Bandung,kota
Bekasi,kota
Bogor,kota
Depok,kota
Cimahi,kota
Cirebon,kota
Sukabumi,kota
Tasikmalaya,kota
Semarang,kota
Surakarta,kota
Solo,kota
Magelang,kota
Salatiga,kota
Pekalongan,kota
Tegal,kota
Yogyakarta,kota
Surabaya,kota
Malang,kota
Kediri,kota
Madiun,kota
Mojokerto,kota
Pasuruan,kota
Probolinggo,kota
Blitar,kota
Batu,kota
Serang,kota
Tangerang,kota
Tangerang Selatan,kota
Cilegon,kota
Denpasar,kota
Mataram,kota
Kupang,kota
Pontianak,kota
Singkawang,kota
Palangka Raya,kota
Banjarmasin,kota
Banjarbaru,kota
Samarinda,kota
Balikpapan,kota
Bontang,kota
Tarakan,kota
Manado,kota
Bitung,kota
Tomohon,kota
Kotamobagu,kota
Gorontalo,kota
Palu,kota
Makassar,kota
Parepare,kota
Palopo,kota
Kendari,kota
Baubau,kota
Ambon,kota
Tual,kota
Ternate,kota
Tidore Kepulauan,kota
Jayapura,kota
Sorong,kota
Karawang,kabupaten
Bekasi,kabupaten
Bogor,kabupaten
Sidoarjo,kabupaten
Gresik,kabupaten
Sleman,kabupaten
Bantul,kabupaten
Badung,kabupaten
Gianyar,kabupaten
Tabanan,kabupaten
Bandung,kabupaten
Garut,kabupaten
Cianjur,kabupaten
Subang,kabupaten
Indramayu,kabupaten
Kuningan,kabupaten
Majalengka,kabupaten
Purwakarta,kabupaten
Sumedang,kabupaten
Banyuwangi,kabupaten
Jember,kabupaten
Banyumas,kabupaten
Cilacap,kabupaten
Klaten,kabupaten
Kudus,kabupaten
Boyolali,kabupaten
Wonosobo,kabupaten
Indonesia,negara
Singapura,negara
Malaysia,negara
Amerika Serikat,negara
India,negara
Cina,negara
Tiongkok,negara
Jepang,negara
Korea Selatan,negara
Arab Saudi,negara
Inggris,negara
Australia,negara
Belanda,negara
Jerman,negara
Prancis,negara
Swiss,negara
Rusia,negara
Ukraina,negara
Thailand,negara
Vietnam,negara
Filipina,negara
